Dataset,Samples,Features,Defect Rate,Defects,No Defects
JM1,8908,21,0.22496632240682532,2004,6904
KC1,1212,21,0.2599009900990099,315,897
PC1,954,21,0.07337526205450734,70,884
